State_FIP,County_FIP,Place_FIP,FIPS_Code,Level_Above,Type,Name,State,First Name,Last Name,Title,Agency & Department,e-mail,Phone,Home Page,GIS Page,Applications Page,Data Page,Notes,'2014-11-14
6,1,68084,600168084,Alameda County,City,San Leandro,CA,Anton,Batalla,Information Technology Manager,,tbatalla@sanleandro.org,,,https://www.sanleandro.org/depts/cityhall/citymanager/it/gis/default.asp,,,,'2014-06-11
6,1,562,600100562,Alameda County,City,Alameda,CA,,,,,,,,,,,,'2014-06-11
6,1,674,600100674,Alameda County,City,Albany,CA,,,,,,,,,,,,'2014-06-11
6,1,6000,600106000,Alameda County,City,Berkeley,CA,,,,,,,,http://www.ci.berkeley.ca.us/gis/,http://www.cityofberkeley.info/ContentDisplay.aspx?id=55706,,,'2014-06-11
6,1,20018,600120018,Alameda County,City,Dublin,CA,,,,,,,,,,,,'2014-06-11
6,1,22594,600122594,Alameda County,City,Emeryville,CA,,,,,,,,,,,,'2014-06-11
6,1,26000,600126000,Alameda County,City,Fremont,CA,,,,,helpdesk@fremont.gov,(510) 494 - 4800,,http://fremont.gov/index.aspx?nid=590,http://fremont.gov/index.aspx?NID=1176,,,'2014-06-11
6,1,33000,600133000,Alameda County,City,Hayward,CA,,,,,gis@hayward-ca.gov,,,http://www.hayward-ca.gov/CITY-GOVERNMENT/DEPARTMENTS/INFORMATION-TECHNOLOGY/index.shtm?tab=1#gis,http://gis.hayward-ca.gov/gis.asp?bhiw=1183&bhih=820,,,'2014-06-11
6,1,41992,600141992,Alameda County,City,Livermore,CA,,,GIS Coordinator,,engineering@ci.livermore.ca.us,,,http://www.lynxgis.com/livermoregis/,http://www.lynxgis.com/livermoregis/index2.cfm,,,'2014-06-11
6,1,50916,600150916,Alameda County,City,Newark,CA,,,,,,,,,,,,'2014-06-11
6,1,53000,600153000,Alameda County,City,Oakland,CA,,,,,,,,http://www2.oaklandnet.com/maps,http://www2.oaklandnet.com/maps,,,'2014-06-11
6,1,56938,600156938,Alameda County,City,Piedmont,CA,,,,,,,,,,,,'2014-06-11
6,1,57792,600157792,Alameda County,City,Pleasanton,CA,,,,,,,,,,,,'2014-06-11
6,1,81204,600181204,Alameda County,City,Union,CA,,,,,,,,,,,,'2014-06-11
6,5,1514,600501514,Amador County,City,Amador,CA,,,,,,,,,,,,'2014-06-11
6,5,36672,600536672,Amador County,City,Ione,CA,,,,,,,,,,,,'2014-06-11
6,5,36980,600536980,Amador County,City,Jackson,CA,,,,,,,,,,,,'2014-06-11
6,5,57834,600557834,Amador County,City,Plymouth,CA,,,,,,,,,,,,'2014-06-11
6,5,77392,600577392,Amador County,City,Sutter Creek,CA,,,,,,,,,,,,'2014-06-11
6,7,13014,600713014,Butte County,City,Chico,CA,Brad,Pierce,GIS Analyst,,,(530) 879-6900,,http://www.chico.ca.us/building_development_services/gis/home.asp,http://chico.facilitiesmap.com/application_cfmns/getplugin.cfm,,,'2014-06-11
6,7,6560,600706560,Butte County,City,Biggs,CA,,,,,,,,,,,,'2014-06-11
6,7,31260,600731260,Butte County,City,Gridley,CA,,,,,,,,,,,,'2014-06-11
6,7,54386,600754386,Butte County,City,Oroville,CA,,,,,,,,,,,,'2014-06-11
6,7,55520,600755520,Butte County,City,Paradise,CA,,,,,,,,,,,,'2014-06-11
6,9,2112,600902112,Calaveras County,City,Angels,CA,,,,,,,,,,,,'2014-06-11
6,11,14946,601114946,Colusa County,City,Colusa,CA,,,,,,,,,,,,'2014-06-11
6,11,85586,601185586,Colusa County,City,Williams,CA,,,,,,,,,,,,'2014-06-11
6,13,2252,601302252,Contra Costa County,City,Antioch,CA,Ron,Bernal,Public Works Director /City Engineer,,RBernal@ci.antioch.ca.us,(925) 779 - 6950,,http://www.ci.antioch.ca.us/CityGov/PublicWorks/GIS/,http://www.antiochprospector.com/,,,'2014-06-11
6,13,8142,601308142,Contra Costa County,City,Brentwood,CA,,,,,,,,,,,,'2014-06-11
6,13,13882,601313882,Contra Costa County,City,Clayton,CA,,,,,,,,,,,,'2014-06-11
6,13,16000,601316000,Contra Costa County,City,Concord,CA,,,,,itdept@ci.concord.ca.us,,,http://www.cityofconcord.org/citygov/dept/it.htm,,,,'2014-06-11
6,13,17988,601317988,Contra Costa County,City,Danville,CA,,,,,,,,,,,,'2014-06-11
6,13,21796,601321796,Contra Costa County,City,El Cerrito,CA,,,,,,,,,,,,'2014-06-11
6,13,33308,601333308,Contra Costa County,City,Hercules,CA,,,,,,,,,,,,'2014-06-11
6,13,39122,601339122,Contra Costa County,City,Lafayette,CA,,,,,,,,,,,,'2014-06-11
6,13,46114,601346114,Contra Costa County,City,Martinez,CA,,,,,,,,,,,,'2014-06-11
6,13,49187,601349187,Contra Costa County,City,Moraga,CA,,,,,,,,,,,,'2014-06-11
6,13,53070,601353070,Contra Costa County,City,Oakley,CA,,,,,,,,,,,,'2014-06-11
6,13,54232,601354232,Contra Costa County,City,Orinda,CA,,,,,,,,,,,,'2014-06-11
6,13,57288,601357288,Contra Costa County,City,Pinole,CA,,,,,,,,,,,,'2014-06-11
6,13,57456,601357456,Contra Costa County,City,Pittsburg,CA,,,,,,,,,,,,'2014-06-11
6,13,57764,601357764,Contra Costa County,City,Pleasant Hill,CA,,,,,,,,,,,,'2014-06-11
6,13,60620,601360620,Contra Costa County,City,Richmond,CA,,,,,,(510) 621 - 1298,,http://www.ci.richmond.ca.us/index.aspx?NID=63,http://www.ci.richmond.ca.us/index.aspx?NID=865,,,'2014-06-11
6,13,68294,601368294,Contra Costa County,City,San Pablo,CA,,,,,,,,,,,,'2014-06-11
6,13,68378,601368378,Contra Costa County,City,San Ramon,CA,,,,,,,,,,,,'2014-06-11
6,13,83346,601383346,Contra Costa County,City,Walnut Creek,CA,,,,,,,,,,,,'2014-06-11
6,15,17022,601517022,Del Norte County,City,Crescent,CA,,,,,,,,,,,,'2014-06-11
6,17,57540,601757540,El Dorado County,City,Placerville,CA,,,,,,,,,,,,'2014-06-11
6,17,73108,601773108,El Dorado County,City,South Lake Tahoe,CA,,,,,,,,,,,,'2014-06-11
6,19,27000,601927000,Fresno County,City,Fresno,CA,Carolyn,Hogg,CIO,,,(559) 621 - 7171,,http://www.fresno.gov/Government/DepartmentDirectory/InformationServices/GIS/Default.htm,http://gis4u.fresno.gov/viewer/,,,'2014-06-11
6,19,14218,601914218,Fresno County,City,Clovis,CA,,,,,engineering@cityofclovis.com,(559) 324 - 2350,,http://www.ci.clovis.ca.us/Departments-and-Services/Planning-and-Development/GIS-Mapping,,,,'2014-06-11
6,19,14274,601914274,Fresno County,City,Coalinga,CA,,,,,,,,,,,,'2014-06-11
6,19,24134,601924134,Fresno County,City,Firebaugh,CA,,,,,,,,,,,,'2014-06-11
6,19,25436,601925436,Fresno County,City,Fowler,CA,,,,,,,,,,,,'2014-06-11
6,19,36084,601936084,Fresno County,City,Huron,CA,,,,,,,,,,,,'2014-06-11
6,19,38226,601938226,Fresno County,City,Kerman,CA,,,,,,,,,,,,'2014-06-11
6,19,38562,601938562,Fresno County,City,Kingsburg,CA,,,,,,,,,,,,'2014-06-11
6,19,46828,601946828,Fresno County,City,Mendota,CA,,,,,,,,,,,,'2014-06-11
6,19,54008,601954008,Fresno County,City,Orange Cove,CA,,,,,,,,,,,,'2014-06-11
6,19,55856,601955856,Fresno County,City,Parlier,CA,,,,,,,,,,,,'2014-06-11
6,19,60242,601960242,Fresno County,City,Reedley,CA,,,,,,,,,,,,'2014-06-11
6,19,67126,601967126,Fresno County,City,San Joaquin,CA,,,,,,,,,,,,'2014-06-11
6,19,67056,601967056,Fresno County,City,Sanger,CA,,,,,,,,,,,,'2014-06-11
6,19,70882,601970882,Fresno County,City,Selma,CA,,,,,,,,,,,,'2014-06-11
6,21,54274,602154274,Glenn County,City,Orland,CA,,,,,,,,,,,,'2014-06-11
6,21,85684,602185684,Glenn County,City,Willows,CA,,,,,,,,,,,,'2014-06-11
6,23,2476,602302476,Humboldt County,City,Arcata,CA,,,,,,,,,,,,'2014-06-11
6,23,7162,602307162,Humboldt County,City,Blue Lake,CA,,,,,,,,,,,,'2014-06-11
6,23,23042,602323042,Humboldt County,City,Eureka,CA,,,,,,,,,,,,'2014-06-11
6,23,23910,602323910,Humboldt County,City,Ferndale,CA,,,,,,,,,,,,'2014-06-11
6,23,25296,602325296,Humboldt County,City,Fortuna,CA,,,,,,,,,,,,'2014-06-11
6,23,60900,602360900,Humboldt County,City,Rio Dell,CA,,,,,,,,,,,,'2014-06-11
6,23,80448,602380448,Humboldt County,City,Trinidad,CA,,,,,,,,,,,,'2014-06-11
6,25,8058,602508058,Imperial County,City,Brawley,CA,,,,,,,,,,,,'2014-06-11
6,25,9710,602509710,Imperial County,City,Calexico,CA,,,,,,,,,,,,'2014-06-11
6,25,9878,602509878,Imperial County,City,Calipatria,CA,,,,,,,,,,,,'2014-06-11
6,25,21782,602521782,Imperial County,City,El Centro,CA,,,,,,,,,,,,'2014-06-11
6,25,34246,602534246,Imperial County,City,Holtville,CA,,,,,,,,,,,,'2014-06-11
6,25,36280,602536280,Imperial County,City,Imperial,CA,,,,,,,,,,,,'2014-06-11
6,25,84606,602584606,Imperial County,City,Westmorland,CA,,,,,,,,,,,,'2014-06-11
6,27,6798,602706798,Inyo County,City,Bishop,CA,,,,,,,,,,,,'2014-06-11
6,29,2924,602902924,Kern County,City,Arvin,CA,,,,,,,,,,,,'2014-06-11
6,29,3526,602903526,Kern County,City,Bakersfield,CA,,,GIS Administrator,,admgis@ci.bakersfield.ca.us,(661) 326-3062,,http://www.bakersfieldgis.us/,http://www.bakersfieldgis.us/online_mapping_applications.html,,,'2014-06-11
6,29,9780,602909780,Kern County,City,California,CA,,,,,,,,,,,,'2014-06-11
6,29,18394,602918394,Kern County,City,Delano,CA,,,,,,,,,,,,'2014-06-11
6,29,45736,602945736,Kern County,City,Maricopa,CA,,,,,,,,,,,,'2014-06-11
6,29,44826,602944826,Kern County,City,McFarland,CA,,,,,,,,,,,,'2014-06-11
6,29,60704,602960704,Kern County,City,Ridgecrest,CA,,,,,,,,,,,,'2014-06-11
6,29,71106,602971106,Kern County,City,Shafter,CA,,,,,,,,,,,,'2014-06-11
6,29,77574,602977574,Kern County,City,Taft,CA,,,,,,,,,,,,'2014-06-11
6,29,78092,602978092,Kern County,City,Tehachapi,CA,,,,,,,,,,,,'2014-06-11
6,29,83542,602983542,Kern County,City,Wasco,CA,,,,,,,,,,,,'2014-06-11
6,31,3302,603103302,Kings County,City,Avenal,CA,,,,,,,,,,,,'2014-06-11
6,31,16224,603116224,Kings County,City,Corcoran,CA,,,,,,,,,,,,'2014-06-11
6,31,31960,603131960,Kings County,City,Hanford,CA,,,,,,,,,,,,'2014-06-11
6,31,41152,603141152,Kings County,City,Lemoore,CA,,,,,,,,,,,,'2014-06-11
6,33,13945,603313945,Lake County,City,Clearlake,CA,,,,,,,,,,,,'2014-06-11
6,33,39710,603339710,Lake County,City,Lakeport,CA,,,,,,,,,,,,'2014-06-11
6,35,77364,603577364,Lassen County,City,Susanville,CA,,,,,,,,,,,,'2014-06-11
6,37,11530,603711530,Los Angeles County,City,Carson,CA,Alexander,Rocco,Information Technology - GIS,,ARocco@carson.ca.us,,,http://ci.carson.ca.us/content/department/gisservices.asp,http://www.carsonproperty.info/,,,'2014-06-11
6,37,36546,603736546,Los Angeles County,City,Inglewood,CA,Kevin,Gee,GIS Manager,,kgee@cityofinglewood.org,(310) 412-5333,,http://www.cityofinglewood.org/depts/pw/gis/,,,,'2014-06-11
6,37,44000,603744000,Los Angeles County,City,Los Angeles,CA,Randy,Price,,,randy.price@lacity.org,,,http://cityplanning.lacity.org/,http://www.lacity.org/CitywideServices/OnlineServices/index.htm?laCategory=185,,,'2014-06-11
6,37,394,603700394,Los Angeles County,City,Agoura Hills,CA,,,,,,,,,,,,'2014-06-11
6,37,884,603700884,Los Angeles County,City,Alhambra,CA,,,,,gis@planning.lacounty.gov,,,,,,,'2014-06-11
6,37,2462,603702462,Los Angeles County,City,Arcadia,CA,,,,,,,,,,,,'2014-06-11
6,37,2896,603702896,Los Angeles County,City,Artesia,CA,,,,,,,,,,,,'2014-06-11
6,37,3274,603703274,Los Angeles County,City,Avalon,CA,,,,,,,,,,,,'2014-06-11
6,37,3386,603703386,Los Angeles County,City,Azusa,CA,,,,,,,,,,,,'2014-06-11
6,37,3666,603703666,Los Angeles County,City,Baldwin Park,CA,,,,,,,,,,,,'2014-06-11
6,37,4870,603704870,Los Angeles County,City,Bell,CA,,,,,,,,,,,,'2014-06-11
6,37,4996,603704996,Los Angeles County,City,Bell Gardens,CA,,,,,,,,,,,,'2014-06-11
6,37,4982,603704982,Los Angeles County,City,Bellflower,CA,,,,,,,,,,,,'2014-06-11
6,37,6308,603706308,Los Angeles County,City,Beverly Hills,CA,,,,,,,,,,,,'2014-06-11
6,37,7946,603707946,Los Angeles County,City,Bradbury,CA,,,,,,,,,,,,'2014-06-11
6,37,8954,603708954,Los Angeles County,City,Burbank,CA,,,,,gis@burbankca.gov,(818) 238 - 5080,,http://gis.burbankca.gov/,http://gis.burbankca.gov/,,,'2014-06-11
6,37,9598,603709598,Los Angeles County,City,Calabasas,CA,,,,,,,,,,,,'2014-06-11
6,37,12552,603712552,Los Angeles County,City,Cerritos,CA,,,,,,,,,,,,'2014-06-11
6,37,13756,603713756,Los Angeles County,City,Claremont,CA,,,,,,,,,,,,'2014-06-11
6,37,14974,603714974,Los Angeles County,City,Commerce,CA,,,,,,,,,,,,'2014-06-11
6,37,15044,603715044,Los Angeles County,City,Compton,CA,,,,,,,,,,,,'2014-06-11
6,37,16742,603716742,Los Angeles County,City,Covina,CA,,,,,,,,,,,,'2014-06-11
6,37,17498,603717498,Los Angeles County,City,Cudahy,CA,,,,,,,,,,,,'2014-06-11
6,37,17568,603717568,Los Angeles County,City,Culver,CA,,,,,,,,,,,,'2014-06-11
6,37,19192,603719192,Los Angeles County,City,Diamond Bar,CA,,,,,,,,,,,,'2014-06-11
6,37,19766,603719766,Los Angeles County,City,Downey,CA,,,,,rguerrero@downeyca.org,(562) 904-7110  ,,http://www.downeyca.org/gov/pw/engineering/,http://dpw.lacounty.gov/sur/landrecords/,,,'2014-06-11
6,37,19990,603719990,Los Angeles County,City,Duarte,CA,,,,,,,,,,,,'2014-06-11
6,37,22230,603722230,Los Angeles County,City,El Monte,CA,,,,,,,,,,,,'2014-06-11
6,37,22412,603722412,Los Angeles County,City,El Segundo,CA,,,,,,,,,,,,'2014-06-11
6,37,28168,603728168,Los Angeles County,City,Gardena,CA,,,,,,,,,,,,'2014-06-11
6,37,30000,603730000,Los Angeles County,City,Glendale,CA,,,,,,,,,http://www.glendaleca.gov/how-do-i-/view-/city-maps,,,'2014-06-11
6,37,30014,603730014,Los Angeles County,City,Glendora,CA,,,,,,,,,,,,'2014-06-11
6,37,32506,603732506,Los Angeles County,City,Hawaiian Gardens,CA,,,,,,,,,,,,'2014-06-11
6,37,32548,603732548,Los Angeles County,City,Hawthorne,CA,,,,,,,,,,,,'2014-06-11
6,37,33364,603733364,Los Angeles County,City,Hermosa Beach,CA,,,,,,,,,,,,'2014-06-11
6,37,33518,603733518,Los Angeles County,City,Hidden Hills,CA,,,,,,,,,,,,'2014-06-11
6,37,36056,603736056,Los Angeles County,City,Huntington Park,CA,,,,,,,,,,,,'2014-06-11
6,37,36490,603736490,Los Angeles County,City,Industry,CA,,,,,,,,,,,,'2014-06-11
6,37,36826,603736826,Los Angeles County,City,Irwindale,CA,,,,,,,,,,,,'2014-06-11
6,37,39003,603739003,Los Angeles County,City,La Canada Flintridge,CA,,,,,,,,,,,,'2014-06-11
6,37,39304,603739304,Los Angeles County,City,La Habra Heights,CA,,,,,,,,,,,,'2014-06-11
6,37,40032,603740032,Los Angeles County,City,La Mirada,CA,,,,,,,,,,,,'2014-06-11
6,37,40340,603740340,Los Angeles County,City,La Puente,CA,,,,,,,,,,,,'2014-06-11
6,37,40830,603740830,Los Angeles County,City,La Verne,CA,,,,,,,,,,,,'2014-06-11
6,37,39892,603739892,Los Angeles County,City,Lakewood,CA,,,,,gis@planning.lacounty.gov,,,,,,,'2014-06-11
6,37,40130,603740130,Los Angeles County,City,Lancaster,CA,,,,,,,,,,,,'2014-06-11
6,37,40886,603740886,Los Angeles County,City,Lawndale,CA,,,,,,,,,,,,'2014-06-11
6,37,42468,603742468,Los Angeles County,City,Lomita,CA,,,,,,,,,,,,'2014-06-11
6,37,43000,603743000,Los Angeles County,City,Long Beach,CA,,,,,,,,http://www.longbeach.gov/tsd/gis/,,,,'2014-06-11
6,37,44574,603744574,Los Angeles County,City,Lynwood,CA,,,,,,,,,,,,'2014-06-11
6,37,45246,603745246,Los Angeles County,City,Malibu,CA,,,,,,,,,,,,'2014-06-11
6,37,45400,603745400,Los Angeles County,City,Manhattan Beach,CA,,,,,,,,,,,,'2014-06-11
6,37,46492,603746492,Los Angeles County,City,Maywood,CA,,,,,,,,,,,,'2014-06-11
6,37,48648,603748648,Los Angeles County,City,Monrovia,CA,,,,,,,,,,,,'2014-06-11
6,37,48816,603748816,Los Angeles County,City,Montebello,CA,,,,,,,,,,,,'2014-06-11
6,37,48914,603748914,Los Angeles County,City,Monterey Park,CA,,,,,,,,,,,,'2014-06-11
6,37,52526,603752526,Los Angeles County,City,Norwalk,CA,,,,,,,,,,,,'2014-06-11
6,37,55156,603755156,Los Angeles County,City,Palmdale,CA,,,,,GIS_helpdesk@cityofpalmdale.org,(661) 267 - 5300,,http://www.cityofpalmdale.org/gis/,http://gis.cityofpalmdale.org/frameset.asp,,,'2014-06-11
6,37,55380,603755380,Los Angeles County,City,Palos Verdes Estates,CA,,,,,,,,,,,,'2014-06-11
6,37,55618,603755618,Los Angeles County,City,Paramount,CA,,,,,,,,,,,,'2014-06-11
6,37,56000,603756000,Los Angeles County,City,Pasadena,CA,,,,,CityGIS@cityofpasadena.net,,,http://cityofpasadena.net/CityGIS/Data/,http://cityofpasadena.net/CityGIS/Maps/,,,'2014-06-11
6,37,56924,603756924,Los Angeles County,City,Pico Rivera,CA,,,,,,,,,,,,'2014-06-11
6,37,58072,603758072,Los Angeles County,City,Pomona,CA,,,,,gis@ci.pomona.ca.us,(909) 620 - 3784,,http://www.ci.pomona.ca.us/index.php/pomona-gis-services,http://gis.ci.pomona.ca.us/publicgallery/#.U3U2b_ldWbU,,,'2014-06-11
6,37,59514,603759514,Los Angeles County,City,Rancho Palos Verdes,CA,,,,,,,,,,,,'2014-06-11
6,37,60018,603760018,Los Angeles County,City,Redondo Beach,CA,,,,,,,,,,,,'2014-06-11
6,37,62602,603762602,Los Angeles County,City,Rolling Hills,CA,,,,,,,,,,,,'2014-06-11
6,37,62644,603762644,Los Angeles County,City,Rolling Hills Estates,CA,,,,,,,,,,,,'2014-06-11
6,37,62896,603762896,Los Angeles County,City,Rosemead,CA,,,,,,,,,,,,'2014-06-11
6,37,66070,603766070,Los Angeles County,City,San Dimas,CA,,,,,,,,,,,,'2014-06-11
6,37,66140,603766140,Los Angeles County,City,San Fernando,CA,,,,,,,,,,,,'2014-06-11
6,37,67042,603767042,Los Angeles County,City,San Gabriel,CA,,,,,,,,,,,,'2014-06-11
6,37,68224,603768224,Los Angeles County,City,San Marino,CA,,,,,,,,,,,,'2014-06-11
6,37,69088,603769088,Los Angeles County,City,Santa Clarita,CA,,,,,gis@santa-clarita.com,(661) 286 - 4070,,http://www.santa-clarita.com/Index.aspx?page=205,http://gis.santa-clarita.com/slv/?Viewer=MasterPUB,,,'2014-06-11
6,37,69154,603769154,Los Angeles County,City,Santa Fe Springs,CA,,,,,,,,,,,,'2014-06-11
6,37,70000,603770000,Los Angeles County,City,Santa Monica,CA,,,,,,,,http://www.smgov.net/departments/isd/gis.aspx,http://www.smgov.net/Departments/ISD/content.aspx?id=15297,,,'2014-06-11
6,37,71806,603771806,Los Angeles County,City,Sierra Madre,CA,,,,,,,,,,,,'2014-06-11
6,37,71876,603771876,Los Angeles County,City,Signal Hill,CA,,,,,,,,,,,,'2014-06-11
6,37,72996,603772996,Los Angeles County,City,South El Monte,CA,,,,,,,,,,,,'2014-06-11
6,37,73080,603773080,Los Angeles County,City,South Gate,CA,,,,,,,,,,,,'2014-06-11
6,37,73220,603773220,Los Angeles County,City,South Pasadena,CA,,,,,,,,,,,,'2014-06-11
6,37,78148,603778148,Los Angeles County,City,Temple,CA,,,,,,,,,,,,'2014-06-11
6,37,80000,603780000,Los Angeles County,City,Torrance,CA,,,,,,,,http://www.torranceca.gov/7718.htm,http://assessor.lacounty.gov/extranet/DataMaps/pais.aspx,,,'2014-06-11
6,37,82422,603782422,Los Angeles County,City,Vernon,CA,,,,,,,,,,,,'2014-06-11
6,37,83332,603783332,Los Angeles County,City,Walnut,CA,,,,,,,,,,,,'2014-06-11
6,37,84200,603784200,Los Angeles County,City,West Covina,CA,,,,,,(626) 939 - 8422,,,,,,'2014-06-11
6,37,84410,603784410,Los Angeles County,City,West Hollywood,CA,,,,,,,,,,,,'2014-06-11
6,37,84438,603784438,Los Angeles County,City,Westlake Village,CA,,,,,,,,,,,,'2014-06-11
6,37,85292,603785292,Los Angeles County,City,Whittier,CA,,,,,,,,http://www.cityofwhittier.org/depts/clerk/gismap/default.asp,http://www.cityofwhittier.org/depts/prcs/parks/locationsmap.asp,,,'2014-06-11
6,39,13294,603913294,Madera County,City,Chowchilla,CA,,,,,,,,,,,,'2014-06-11
6,39,45022,603945022,Madera County,City,Madera,CA,,,,,,,,,,,,'2014-06-11
6,41,5164,604105164,Marin County,City,Belvedere,CA,,,,,,,,,,,,'2014-06-11
6,41,16462,604116462,Marin County,City,Corte Madera,CA,,,,,,,,,,,,'2014-06-11
6,41,23168,604123168,Marin County,City,Fairfax,CA,,,,,,,,,,,,'2014-06-11
6,41,40438,604140438,Marin County,City,Larkspur,CA,,,,,,,,,,,,'2014-06-11
6,41,47710,604147710,Marin County,City,Mill Valley,CA,,,,,,,,,,,,'2014-06-11
6,41,52582,604152582,Marin County,City,Novato,CA,,,,,,,,,,,,'2014-06-11
6,41,62980,604162980,Marin County,City,Ross,CA,,,,,,,,,,,,'2014-06-11
6,41,64434,604164434,Marin County,City,San Anselmo,CA,,,,,,,,,,,,'2014-06-11
6,41,68364,604168364,Marin County,City,San Rafael,CA,,,,,,,,,,,,'2014-06-11
6,41,70364,604170364,Marin County,City,Sausalito,CA,,,,,,,,,,,,'2014-06-11
6,41,78666,604178666,Marin County,City,Tiburon,CA,,,,,,,,,,,,'2014-06-11
6,45,25058,604525058,Mendocino County,City,Fort Bragg,CA,,,,,,,,,,,,'2014-06-11
6,45,57876,604557876,Mendocino County,City,Point Arena,CA,,,,,,,,,,,,'2014-06-11
6,45,81134,604581134,Mendocino County,City,Ukiah,CA,,,,,,,,,,,,'2014-06-11
6,45,85600,604585600,Mendocino County,City,Willits,CA,,,,,,,,,,,,'2014-06-11
6,47,3162,604703162,Merced County,City,Atwater,CA,,,,,,,,,,,,'2014-06-11
6,47,19612,604719612,Merced County,City,Dos Palos,CA,,,,,,,,,,,,'2014-06-11
6,47,31568,604731568,Merced County,City,Gustine,CA,,,,,,,,,,,,'2014-06-11
6,47,42006,604742006,Merced County,City,Livingston,CA,,,,,,,,,,,,'2014-06-11
6,47,44028,604744028,Merced County,City,Los Banos,CA,,,,,,,,,,,,'2014-06-11
6,47,46898,604746898,Merced County,City,Merced,CA,,,,,publicwks@cityofmerced.org,(209) 385 - 6800,,http://cityofmerced.org/depts/geographic_information_systems/default.asp,,,,'2014-06-11
6,49,1444,604901444,Modoc County,City,Alturas,CA,,,,,,,,,,,,'2014-06-11
6,51,45358,605145358,Mono County,City,Mammoth Lakes,CA,,,,,,,,,,,,'2014-06-11
6,53,11250,605311250,Monterey County,City,Carmel-by-the-Sea,CA,,,,,,,,,,,,'2014-06-11
6,53,18688,605318688,Monterey County,City,Del Rey Oaks,CA,,,,,,,,,,,,'2014-06-11
6,53,30392,605330392,Monterey County,City,Gonzales,CA,,,,,,,,,,,,'2014-06-11
6,53,30994,605330994,Monterey County,City,Greenfield,CA,,,,,,,,,,,,'2014-06-11
6,53,38520,605338520,Monterey County,City,King,CA,,,,,,,,,,,,'2014-06-11
6,53,45778,605345778,Monterey County,City,Marina,CA,,,,,,,,,,,,'2014-06-11
6,53,48872,605348872,Monterey County,City,Monterey,CA,,,,,,,,,,,,'2014-06-11
6,53,54848,605354848,Monterey County,City,Pacific Grove,CA,,,,,,,,,,,,'2014-06-11
6,53,64224,605364224,Monterey County,City,Salinas,CA,,,,,,,,,,,,'2014-06-11
6,53,65112,605365112,Monterey County,City,Sand,CA,,,,,,,,,,,,'2014-06-11
6,53,70742,605370742,Monterey County,City,Seaside,CA,,,,,,,,,,,,'2014-06-11
6,53,72520,605372520,Monterey County,City,Soledad,CA,,,,,,,,,,,,'2014-06-11
6,55,1640,605501640,Napa County,City,American Canyon,CA,,,,,,,,,,,,'2014-06-11
6,55,9892,605509892,Napa County,City,Calistoga,CA,,,,,,,,,,,,'2014-06-11
6,55,50258,605550258,Napa County,City,Napa,CA,,,,,gisstaff@countyofnapa.org,(707) 259 - 8141,,http://www.cityofnapa.org/index.php?option=com_content&view=article&id=217&Itemid=523,,,,'2014-06-11
6,55,64140,605564140,Napa County,City,St. Helena,CA,,,,,,,,,,,,'2014-06-11
6,55,86930,605586930,Napa County,City,Yountville,CA,,,,,,,,,,,,'2014-06-11
6,57,30798,605730798,Nevada County,City,Grass Valley,CA,,,,,,,,,,,,'2014-06-11
6,57,50874,605750874,Nevada County,City,Nevada,CA,,,,,,,,,,,,'2014-06-11
6,57,80588,605780588,Nevada County,City,Truckee,CA,,,,,,,,,,,,'2014-06-11
6,59,53980,605953980,Orange County,City,Orange,CA,Joe,Hunt,GIS,,Joe.Hunt@ocpw.ocgov.com,(714) 967 - 0819,,http://www.cityoforange.org/depts/publicworks/gis_mapping/default.asp,http://www.cityoforange.org/depts/publicworks/gis_mapping/interactive_maps/default.asp,,,'2014-06-11
6,59,8786,605908786,Orange County,City,Buena Park,CA,Norm,Wray,,,nwray@buenapark.com,(714) 562 - 3670,,https://www.buenapark.com/Index.aspx?page=460,,,,'2014-06-11
6,59,69000,605969000,Orange County,City,Santa Ana,CA,Scott,Kutner,District Manager,,skutner@santa-ana.org,(714) 667-2259,,http://www.ci.santa-ana.ca.us/cda/GISmaps.asp,http://www.ci.santa-ana.ca.us/communityview/,,,'2014-06-11
6,59,947,605900947,Orange County,City,Aliso Viejo,CA,,,,,,,,,,,,'2014-06-11
6,59,2000,605902000,Orange County,City,Anaheim,CA,,,GIS Mapping,,,(714) 765-4238,,http://gis.anaheim.net/,http://gis.anaheim.net/PropertyInfo/,,,'2014-06-11
6,59,8100,605908100,Orange County,City,Brea,CA,,,,,,,,,,,,'2014-06-11
6,59,16532,605916532,Orange County,City,Costa Mesa,CA,,,,,,,,,,,,'2014-06-11
6,59,17750,605917750,Orange County,City,Cypress,CA,,,,,,,,,,,,'2014-06-11
6,59,17946,605917946,Orange County,City,Dana Point,CA,,,,,,,,,,,,'2014-06-11
6,59,25380,605925380,Orange County,City,Fountain Valley,CA,,,,,,,,,,,,'2014-06-11
6,59,28000,605928000,Orange County,City,Fullerton,CA,,,,,,,,http://www.cityoffullerton.com/about/maps/,http://www.cityoffullerton.com/about/maps/,,,'2014-06-11
6,59,29000,605929000,Orange County,City,Garden Grove,CA,,,,,,,,http://www.ci.garden-grove.ca.us/pw/ProjectResearch,http://gis3.ci.garden-grove.ca.us/public/,,,'2014-06-11
6,59,36000,605936000,Orange County,City,Huntington Beach,CA,,,Information Services Department,,grehwinkel@surfcity-hb.org,(714) 536 - 5515,,http://www.huntingtonbeachca.gov/government/departments/information_services/gis-customer-support.cfm,,,,'2014-06-11
6,59,36770,605936770,Orange County,City,Irvine,CA,,,,,gis@cityofirvine.org,,,http://www.cityofirvine.org/cityhall/cd/buildingsafety/gis_mapping/default.asp,http://www.cityofirvine.org/cityhall/cd/buildingsafety/gis_mapping/default.asp,,,'2014-06-11
6,59,39290,605939290,Orange County,City,La Habra,CA,,,,,,,,,,,,'2014-06-11
6,59,40256,605940256,Orange County,City,La Palma,CA,,,,,,,,,,,,'2014-06-11
6,59,39178,605939178,Orange County,City,Laguna Beach,CA,,,,,,,,,,,,'2014-06-11
6,59,39220,605939220,Orange County,City,Laguna Hills,CA,,,,,,,,,,,,'2014-06-11
6,59,39248,605939248,Orange County,City,Laguna Niguel,CA,,,,,,,,,,,,'2014-06-11
6,59,39259,605939259,Orange County,City,Laguna Woods,CA,,,,,,,,,,,,'2014-06-11
6,59,39496,605939496,Orange County,City,Lake Forest,CA,,,,,,,,,,,,'2014-06-11
6,59,43224,605943224,Orange County,City,Los Alamitos,CA,,,,,,,,,,,,'2014-06-11
6,59,48256,605948256,Orange County,City,Mission Viejo,CA,,,,,publicworks@cityofmissionviejo.org,,,http://cityofmissionviejo.org/departmentpage.aspx?id=1318,http://maps.digitalmapcentral.com/production/VECommunityView/cities/Missionviejo/index.aspx,,,'2014-06-11
6,59,51182,605951182,Orange County,City,Newport Beach,CA,,,,,,,,http://www.newportbeachca.gov/index.aspx?page=902,http://www.newportbeachca.gov/index.aspx?page=903,,,'2014-06-11
6,59,57526,605957526,Orange County,City,Placentia,CA,,,,,,,,,,,,'2014-06-11
6,59,59587,605959587,Orange County,City,Rancho Santa Margarita,CA,,,,,,,,,,,,'2014-06-11
6,59,65084,605965084,Orange County,City,San Clemente,CA,,,,,,,,,,,,'2014-06-11
6,59,68028,605968028,Orange County,City,San Juan Capistrano,CA,,,,,,,,,,,,'2014-06-11
6,59,70686,605970686,Orange County,City,Seal Beach,CA,,,,,,,,,,,,'2014-06-11
6,59,73962,605973962,Orange County,City,Stanton,CA,,,,,,,,,,,,'2014-06-11
6,59,80854,605980854,Orange County,City,Tustin,CA,,,,,,,,,,,,'2014-06-11
6,59,82744,605982744,Orange County,City,Villa Park,CA,,,,,,,,,,,,'2014-06-11
6,59,84550,605984550,Orange County,City,Westminster,CA,,,,,,(714) 548 - 3247,,http://www.westminster-ca.gov/depts/cd/planning/maps.asp,,,,'2014-06-11
6,59,86832,605986832,Orange County,City,Yorba Linda,CA,,,,,,,,,,,,'2014-06-11
6,61,3204,606103204,Placer County,City,Auburn,CA,,,,,,,,,,,,'2014-06-11
6,61,14498,606114498,Placer County,City,Colfax,CA,,,,,,,,,,,,'2014-06-11
6,61,41474,606141474,Placer County,City,Lincoln,CA,,,,,,,,,,,,'2014-06-11
6,61,43140,606143140,Placer County,City,Loomis,CA,,,,,,,,,,,,'2014-06-11
6,61,62364,606162364,Placer County,City,Rocklin,CA,,,,,,,,,,,,'2014-06-11
6,61,62938,606162938,Placer County,City,Roseville,CA,,,,,,,,https://www.roseville.ca.us/eservices/maps_n_data/default.asp,,,,'2014-06-11
6,63,58352,606358352,Plumas County,City,Portola,CA,,,,,,,,,,,,'2014-06-11
6,65,50076,606550076,Riverside County,City,Murrieta,CA,Jay,Seckman,GIS Administrator,,jseckman@murrieta.org,(951) 461 - 6066,,http://www.murrieta.org/cityhall/is/gis.asp,http://www.murrieta.org/cityhall/is/gis.asp,,,'2014-06-11
6,65,33182,606533182,Riverside County,City,Hemet,CA,Tim,Darden,GIS Specialist,,tdarden@cityofhemet.org,(951) 765 - 3869,,,,,,'2014-06-11
6,65,3820,606503820,Riverside County,City,Banning,CA,,,,,,,,,,,,'2014-06-11
6,65,4758,606504758,Riverside County,City,Beaumont,CA,,,,,,,,,,,,'2014-06-11
6,65,7218,606507218,Riverside County,City,Blythe,CA,,,,,,,,,,,,'2014-06-11
6,65,9864,606509864,Riverside County,City,Calimesa,CA,,,,,,,,,,,,'2014-06-11
6,65,10928,606510928,Riverside County,City,Canyon Lake,CA,,,,,,,,,,,,'2014-06-11
6,65,12048,606512048,Riverside County,City,Cathedral,CA,,,,,,,,,,,,'2014-06-11
6,65,14260,606514260,Riverside County,City,Coachella,CA,,,,,,,,,,,,'2014-06-11
6,65,16350,606516350,Riverside County,City,Corona,CA,,,,,,,,http://www.discovercorona.com/City-Departments/Information-Technology/Geographic-Information-Systems.aspx,http://www.discovercorona.com/Online-Services/Interactive-City-Map.aspx,,,'2014-06-11
6,65,18996,606518996,Riverside County,City,Desert Hot Springs,CA,,,,,,,,,,,,'2014-06-11
6,65,21230,606521230,Riverside County,City,Eastvale,CA,,,,,,,,,,,,'2014-06-11
6,65,36434,606536434,Riverside County,City,Indian Wells,CA,,,,,,,,,,,,'2014-06-11
6,65,36448,606536448,Riverside County,City,Indio,CA,,,,,,,,,,,,'2014-06-11
6,65,37692,606537692,Riverside County,City,Jurupa Valley,CA,,,,,,,,,,,,'2014-06-11
6,65,40354,606540354,Riverside County,City,La Quinta,CA,,,,,,,,,,,,'2014-06-11
6,65,39486,606539486,Riverside County,City,Lake Elsinore,CA,,,,,,,,,,,,'2014-06-11
6,65,46842,606546842,Riverside County,City,Menifee,CA,,,,,,(951) 672-6777,,https://www.cityofmenifee.us/index.aspx?nid=147,http://maps.digitalmapcentral.com/production/VECommunityView/cities/Menifee/index.aspx,,,'2014-06-11
6,65,49270,606549270,Riverside County,City,Moreno Valley,CA,,,,,,(951) 413 - 3206,,http://www.moreno-valley.ca.us/city_hall/city_maps.shtml,http://www.moreno-valley.ca.us/city_hall/city_maps.shtml,,,'2014-06-11
6,65,51560,606551560,Riverside County,City,Norco,CA,,,,,,,,,,,,'2014-06-11
6,65,55184,606555184,Riverside County,City,Palm Desert,CA,,,,,,,,,,,,'2014-06-11
6,65,55254,606555254,Riverside County,City,Palm Springs,CA,,,,,,,,,,,,'2014-06-11
6,65,56700,606556700,Riverside County,City,Perris,CA,,,,,,,,,,,,'2014-06-11
6,65,59500,606559500,Riverside County,City,Rancho Mirage,CA,,,,,,,,,,,,'2014-06-11
6,65,62000,606562000,Riverside County,City,Riverside,CA,,,,,,,,http://olmsted.riversideca.gov/propertyviewer/map.aspx,http://olmsted.riversideca.gov/propertyviewer/map.aspx,,,'2014-06-11
6,65,67112,606567112,Riverside County,City,San Jacinto,CA,,,,,,,,,,,,'2014-06-11
6,65,78120,606578120,Riverside County,City,Temecula,CA,,,,,john.degange@cityoftemecula.org,(951) 308 - 6300,,http://www.cityoftemecula.org/Temecula/Government/IT/GIS.htm,http://maps.cityoftemecula.org:8080/imf/imf.jsp?site=TemInter,,,'2014-06-11
6,65,85446,606585446,Riverside County,City,Wildomar,CA,,,,,,,,,,,,'2014-06-11
6,67,13588,606713588,Sacramento County,City,Citrus Heights,CA,,,,,,,,,,,,'2014-06-11
6,67,22020,606722020,Sacramento County,City,Elk Grove,CA,,,,,gisweb@elkgrovecity.org,,,http://www.elkgrovecity.org/gis/,http://www.elkgrovecity.org/gis/index.asp,,,'2014-06-11
6,67,24638,606724638,Sacramento County,City,Folsom,CA,,,,,,,,,,,,'2014-06-11
6,67,28112,606728112,Sacramento County,City,Galt,CA,,,,,,,,,,,,'2014-06-11
6,67,36882,606736882,Sacramento County,City,Isleton,CA,,,,,,,,,,,,'2014-06-11
6,67,59444,606759444,Sacramento County,City,Rancho Cordova,CA,,,,,,,,,,,,'2014-06-11
6,67,64000,606764000,Sacramento County,City,Sacramento,CA,,,,,sacgis@cityofsacramento.org,,,http://www.cityofsacramento.org/gis/,http://www.cityofsacramento.org/gis/interactive.html,,,'2014-06-11
6,69,34120,606934120,San Benito County,City,Hollister,CA,,,,,,,,,,,,'2014-06-11
6,69,68014,606968014,San Benito County,City,San Juan Bautista,CA,,,,,,,,,,,,'2014-06-11
6,71,24680,607124680,San Bernardino County,City,Fontana,CA,Dennis,Vlasich,Director,,dvlasich@fontana.org,(909) 350 - 6676,,http://www.fontana.org/index.aspx?nid=391,http://www.fontana.org/index.aspx?NID=2017,,,'2014-06-11
6,71,53896,607153896,San Bernardino County,City,Ontario,CA,Elliott,Ellsworth,Information Technology Director,,,(909) 395 - 2018,,http://www.ci.ontario.ca.us/index.aspx?page=374,,,,'2014-06-11
6,71,33434,607133434,San Bernardino County,City,Hesperia,CA,Eric,Greene,GIS Manager,,egreene@cityofhesperia.us,(760) 947-1440,,,,,,'2014-06-11
6,71,59451,607159451,San Bernardino County,City,Rancho Cucamonga,CA,Ingrid,Bruce,GIS/Special Districts Manager,,GIS@CityofRC.us,(909) 477 - 2700,,http://www.cityofrc.us/cityhall/admin/gis/gis/default.asp,http://www.cityofrc.us/cityhall/admin/gis/mapsdata/default.asp,,,'2014-06-11
6,71,296,607100296,San Bernardino County,City,Adelanto,CA,,,,,,,,,,,,'2014-06-11
6,71,2364,607102364,San Bernardino County,City,Apple Valley,CA,,,,,,,,,,,,'2014-06-11
6,71,4030,607104030,San Bernardino County,City,Barstow,CA,,,,,,,,,,,,'2014-06-11
6,71,6434,607106434,San Bernardino County,City,Big Bear Lake,CA,,,,,,,,,,,,'2014-06-11
6,71,13210,607113210,San Bernardino County,City,Chino,CA,,,,,,"(909) 364-2770
",,http://www.chinohills.org/index.aspx?NID=146,,,,'2014-06-11
6,71,13214,607113214,San Bernardino County,City,Chino Hills,CA,,,,,,,,,,,,'2014-06-11
6,71,14890,607114890,San Bernardino County,City,Colton,CA,,,,,,,,,,,,'2014-06-11
6,71,30658,607130658,San Bernardino County,City,Grand Terrace,CA,,,,,,,,,,,,'2014-06-11
6,71,33588,607133588,San Bernardino County,City,Highland,CA,,,,,,,,,,,,'2014-06-11
6,71,42370,607142370,San Bernardino County,City,Loma Linda,CA,,,,,,,,,,,,'2014-06-11
6,71,48788,607148788,San Bernardino County,City,Montclair,CA,,,,,,,,,,,,'2014-06-11
6,71,50734,607150734,San Bernardino County,City,Needles,CA,,,,,,,,,,,,'2014-06-11
6,71,59962,607159962,San Bernardino County,City,Redlands,CA,,,,,,,,,,,,'2014-06-11
6,71,60466,607160466,San Bernardino County,City,Rialto,CA,,,,,,,,,,,,'2014-06-11
6,71,65000,607165000,San Bernardino County,City,San Bernardino,CA,,,,,,(909) 384 - 5947,,http://www.sbcity.org/cityhall/administrative_services/infotech/gis___mapping/default.asp,http://www.sbcity.org/cityhall/administrative_services/infotech/gis___mapping/default.asp#maps,,,'2014-06-11
6,71,80994,607180994,San Bernardino County,City,Twentynine Palms,CA,,,,,,,,,,,,'2014-06-11
6,71,81344,607181344,San Bernardino County,City,Upland,CA,,,,,,,,,,,,'2014-06-11
6,71,82590,607182590,San Bernardino County,City,Victorville,CA,,,,,engineeringshared@ci.victorville.ca.us,,,,,,,'2014-06-11
6,71,87042,607187042,San Bernardino County,City,Yucaipa,CA,,,,,,,,,,,,'2014-06-11
6,71,87056,607187056,San Bernardino County,City,Yucca Valley,CA,,,,,,,,,,,,'2014-06-11
6,73,13392,607313392,San Diego County,City,Chula Vista,CA,Bob,Blackwelder,,,,,,http://www.chulavistaca.gov/City_Services/Administrative_Services/ITS/GIS/default.asp,http://209.242.148.137/pmg/,,,'2014-06-20
6,73,58520,607358520,San Diego County,City,Poway,CA,Brad,Rosen,,,,,,,,,,'2014-06-20
6,73,11194,607311194,San Diego County,City,Carlsbad,CA,Karl,von Schlieder,,,gisdepartment@carlsbadca.gov,,,http://www.carlsbadca.gov/services/departments/gis/,http://gis.carlsbadca.gov/eZoning/WebPages/Map/FundyViewer.aspx,,,'2014-06-20
6,73,68196,607368196,San Diego County,City,San Marcos,CA,Mettja,Kuna,,,mkuna@san-marcos.net,,,http://www.ci.san-marcos.ca.us/index.aspx?page=400,,,,'2014-06-20
6,73,82996,607382996,San Diego County,City,Vista,CA,Rob,O'Donnell,GIS Coordinator,,rodonnell@cityofvista.com,(760) 726-1340 x 1002,,http://www.cityofvista.com/departments/gis/,,,,'2014-06-11
6,73,36294,607336294,San Diego County,City,Imperial Beach,CA,Russell,Mercer,,,,,,,,,,'2014-06-20
6,73,66000,607366000,San Diego County,City,San Diego,CA,Scott,Daeschner,GIS Manager,,webmaster@sangis.org,(858) 874 - 7000,,http://www.sangis.org/,http://sdgis.sandag.org/,,,'2014-06-20
6,73,21712,607321712,San Diego County,City,El Cajon,CA,Tim,Williams,,,webmaster@sangis.org,,,,,,,'2014-06-20
6,73,22678,607322678,San Diego County,City,Encinitas,CA,Wendy,Flynn,,,,,,,,,,'2014-06-20
6,73,16378,607316378,San Diego County,City,Coronado,CA,,,,,,,,,,,,'2014-06-11
6,73,18506,607318506,San Diego County,City,Del Mar,CA,,,,,,,,,,,,'2014-06-11
6,73,22804,607322804,San Diego County,City,Escondido,CA,,,,,,(760) 839 - 4037,,http://www.escondido.org/gis.aspx,,,,'2014-06-11
6,73,40004,607340004,San Diego County,City,La Mesa,CA,,,,,,,,,,,,'2014-06-11
6,73,41124,607341124,San Diego County,City,Lemon Grove,CA,,,,,,,,,,,,'2014-06-11
6,73,50398,607350398,San Diego County,City,National City,CA,,,,,,,,,,,,'2014-06-20
6,73,53322,607353322,San Diego County,City,Oceanside,CA,,,,,webmaster@sangis.org,(858) 874 - 7000,,http://www.sangis.org/,http://sdgis.sandag.org/,,,'2014-06-11
6,73,70224,607370224,San Diego County,City,Santee,CA,,,,,,,,,,,,'2014-06-11
6,73,72506,607372506,San Diego County,City,Solana Beach,CA,,,,,,,,,,,,'2014-06-11
6,75,67000,607567000,San Francisco County,City,San Francisco,CA,Jeff,Johnson,GIS Program Manager,,jeff.johnson@sfgov.org,(415) 581-  4004,,Page is dead,,,,'2014-06-11
6,77,22790,607722790,San Joaquin County,City,Escalon,CA,,,,,,,,,,,,'2014-06-11
6,77,40704,607740704,San Joaquin County,City,Lathrop,CA,,,,,,,,,,,,'2014-06-11
6,77,42202,607742202,San Joaquin County,City,Lodi,CA,,,,,,,,,,,,'2014-06-11
6,77,45484,607745484,San Joaquin County,City,Manteca,CA,,,,,,,,,,,,'2014-06-11
6,77,61026,607761026,San Joaquin County,City,Ripon,CA,,,,,,,,,,,,'2014-06-11
6,77,75000,607775000,San Joaquin County,City,Stockton,CA,,,Information Technology Division,,,(209) 937-8550,,http://www.stocktongov.com/services/GIS/default.html,http://www.stocktongov.com/services/gis/mapdatOM.html,,,'2014-06-11
6,77,80238,607780238,San Joaquin County,City,Tracy,CA,,,,,,,,http://www.ci.tracy.ca.us/?navid=442,http://maps.ci.tracy.ca.us/PublicGIS/,,,'2014-06-11
6,79,2868,607902868,San Luis Obispo County,City,Arroyo Grande,CA,,,,,,,,,,,,'2014-06-11
6,79,3064,607903064,San Luis Obispo County,City,Atascadero,CA,,,,,,,,,,,,'2014-06-11
6,79,22300,607922300,San Luis Obispo County,City,Paso Robles,CA,,,,,,,,,,,,'2014-06-11
6,79,31393,607931393,San Luis Obispo County,City,Grover Beach,CA,,,,,,,,,,,,'2014-06-11
6,79,49362,607949362,San Luis Obispo County,City,Morro Bay,CA,,,,,,,,,,,,'2014-06-11
6,79,57414,607957414,San Luis Obispo County,City,Pismo Beach,CA,,,,,,,,,,,,'2014-06-11
6,79,68154,607968154,San Luis Obispo County,City,San Luis Obispo,CA,,,,,,,,,,,,'2014-06-11
6,81,3092,608103092,San Mateo County,City,Atherton,CA,,,,,,,,,,,,'2014-06-11
6,81,5108,608105108,San Mateo County,City,Belmont,CA,,,,,,,,,,,,'2014-06-11
6,81,8310,608108310,San Mateo County,City,Brisbane,CA,,,,,,,,,,,,'2014-06-11
6,81,9066,608109066,San Mateo County,City,Burlingame,CA,,,,,,,,,,,,'2014-06-11
6,81,14736,608114736,San Mateo County,City,Colma,CA,,,,,,,,,,,,'2014-06-11
6,81,17918,608117918,San Mateo County,City,Daly,CA,,,,,,,,,,,,'2014-06-11
6,81,20956,608120956,San Mateo County,City,East Palo Alto,CA,,,,,,,,,,,,'2014-06-11
6,81,25338,608125338,San Mateo County,City,Foster,CA,,,,,,,,,,,,'2014-06-11
6,81,31708,608131708,San Mateo County,City,Half Moon Bay,CA,,,,,,,,,,,,'2014-06-11
6,81,33798,608133798,San Mateo County,City,Hillsborough,CA,,,,,,,,,,,,'2014-06-11
6,81,46870,608146870,San Mateo County,City,Menlo Park,CA,,,,,,,,,,,,'2014-06-11
6,81,47486,608147486,San Mateo County,City,Millbrae,CA,,,,,,,,,,,,'2014-06-11
6,81,54806,608154806,San Mateo County,City,Pacifica,CA,,,,,,,,,,,,'2014-06-11
6,81,58380,608158380,San Mateo County,City,Portola Valley,CA,,,,,,,,,,,,'2014-06-11
6,81,60102,608160102,San Mateo County,City,Redwood,CA,,,,,,,,,,,,'2014-06-11
6,81,65028,608165028,San Mateo County,City,San Bruno,CA,,,,,,,,,,,,'2014-06-11
6,81,65070,608165070,San Mateo County,City,San Carlos,CA,,,,,,,,,,,,'2014-06-11
6,81,68252,608168252,San Mateo County,City,San Mateo,CA,,,,,,,,http://www.cityofsanmateo.org/index.aspx?nid=2217,http://maps.smcgov.org/planning/,,,'2014-06-11
6,81,73262,608173262,San Mateo County,City,South San Francisco,CA,,,,,,,,,,,,'2014-06-11
6,81,86440,608186440,San Mateo County,City,Woodside,CA,,,,,,,,,,,,'2014-06-11
6,83,8758,608308758,Santa Barbara County,City,Buellton,CA,,,,,,,,,,,,'2014-06-11
6,83,11446,608311446,Santa Barbara County,City,Carpinteria,CA,,,,,,,,,,,,'2014-06-11
6,83,30378,608330378,Santa Barbara County,City,Goleta,CA,,,,,,,,,,,,'2014-06-11
6,83,31414,608331414,Santa Barbara County,City,Guadalupe,CA,,,,,,,,,,,,'2014-06-11
6,83,42524,608342524,Santa Barbara County,City,Lompoc,CA,,,,,,,,,,,,'2014-06-11
6,83,69070,608369070,Santa Barbara County,City,Santa Barbara,CA,,,,,,,,http://www.santabarbaraca.gov/services/planning/parcel/gis.asp,,,,'2014-06-11
6,83,69196,608369196,Santa Barbara County,City,Santa Maria,CA,,,,,,,,,,,,'2014-06-11
6,83,72576,608372576,Santa Barbara County,City,Solvang,CA,,,,,,,,,,,,'2014-06-11
6,85,10345,608510345,Santa Clara County,City,Campbell,CA,,,,,,,,,,,,'2014-06-11
6,85,17610,608517610,Santa Clara County,City,Cupertino,CA,,,,,,,,,,,,'2014-06-11
6,85,29504,608529504,Santa Clara County,City,Gilroy,CA,,,,,,,,,,,,'2014-06-11
6,85,43280,608543280,Santa Clara County,City,Los Altos,CA,,,,,,,,,,,,'2014-06-11
6,85,43294,608543294,Santa Clara County,City,Los Altos Hills,CA,,,,,,,,,,,,'2014-06-11
6,85,44112,608544112,Santa Clara County,City,Los Gatos,CA,,,,,,,,,,,,'2014-06-11
6,85,47766,608547766,Santa Clara County,City,Milpitas,CA,,,,,,,,,,,,'2014-06-11
6,85,48956,608548956,Santa Clara County,City,Monte Sereno,CA,,,,,,,,,,,,'2014-06-11
6,85,49278,608549278,Santa Clara County,City,Morgan Hill,CA,,,,,,,,,,,,'2014-06-11
6,85,49670,608549670,Santa Clara County,City,Mountain View,CA,,,,,,,,,,,,'2014-06-11
6,85,55282,608555282,Santa Clara County,City,Palo Alto,CA,,,,,,,,,,,,'2014-06-11
6,85,68000,608568000,Santa Clara County,City,San Jose,CA,,,,,,,,http://www.sanjoseca.gov/index.aspx?NID=2072,,,,'2014-06-11
6,85,69084,608569084,Santa Clara County,City,Santa Clara,CA,,,,,gis@isd.sccgov.org,,,http://santaclaraca.gov/index.aspx?page=530,http://santaclaraca.gov/index.aspx?page=530,,,'2014-06-11
6,85,70280,608570280,Santa Clara County,City,Saratoga,CA,,,,,,,,,,,,'2014-06-11
6,85,77000,608577000,Santa Clara County,City,Sunnyvale,CA,,,,,,(408) 730 - 7444,,http://sunnyvale.ca.gov/Departments/CommunityDevelopment/MapsandData.aspx,,,,'2014-06-11
6,87,11040,608711040,Santa Cruz County,City,Capitola,CA,,,,,,,,,,,,'2014-06-11
6,87,69112,608769112,Santa Cruz County,City,Santa Cruz,CA,,,,,,,,,,,,'2014-06-11
6,87,70588,608770588,Santa Cruz County,City,Scotts Valley,CA,,,,,,,,,,,,'2014-06-11
6,87,83668,608783668,Santa Cruz County,City,Watsonville,CA,,,,,,,,,,,,'2014-06-11
6,89,59920,608959920,Shasta County,City,Redding,CA,Devon,Hedemark,GIS Supervisor,,dhedemark@ci.redding.ca.us,(530) 225-4391,,http://www.ci.redding.ca.us/devserv/gis/index.html,http://maps.ci.redding.ca.us/redding_pub/home/index.aspx,,,'2014-06-11
6,89,2042,608902042,Shasta County,City,Anderson,CA,,,,,,,,,,,,'2014-06-11
6,89,71225,608971225,Shasta County,City,Shasta Lake,CA,,,,,,,,,,,,'2014-06-11
6,91,44364,609144364,Sierra County,City,Loyalton,CA,,,,,,,,,,,,'2014-06-11
6,93,19584,609319584,Siskiyou County,City,Dorris,CA,,,,,,,,,,,,'2014-06-11
6,93,20242,609320242,Siskiyou County,City,Dunsmuir,CA,,,,,,,,,,,,'2014-06-11
6,93,22972,609322972,Siskiyou County,City,Etna,CA,,,,,,,,,,,,'2014-06-11
6,93,25128,609325128,Siskiyou County,City,Fort Jones,CA,,,,,,,,,,,,'2014-06-11
6,93,48690,609348690,Siskiyou County,City,Montague,CA,,,,,,,,,,,,'2014-06-11
6,93,49852,609349852,Siskiyou County,City,Mount Shasta,CA,,,,,,,,,,,,'2014-06-11
6,93,80686,609380686,Siskiyou County,City,Tulelake,CA,,,,,,,,,,,,'2014-06-11
6,93,83850,609383850,Siskiyou County,City,Weed,CA,,,,,,,,,,,,'2014-06-11
6,93,86944,609386944,Siskiyou County,City,Yreka,CA,,,,,,,,,,,,'2014-06-11
6,95,5290,609505290,Solano County,City,Benicia,CA,,,,,,,,,,,,'2014-06-11
6,95,19402,609519402,Solano County,City,Dixon,CA,,,,,,,,,,,,'2014-06-11
6,95,23182,609523182,Solano County,City,Fairfield,CA,,,,,,,,http://www.fairfield.ca.gov/eservices/maps.asp,,,,'2014-06-11
6,95,60984,609560984,Solano County,City,Rio Vista,CA,,,,,,,,,,,,'2014-06-11
6,95,75630,609575630,Solano County,City,Suisun,CA,,,,,,,,,,,,'2014-06-11
6,95,81554,609581554,Solano County,City,Vacaville,CA,,,,,,,,,,,,'2014-06-11
6,95,81666,609581666,Solano County,City,Vallejo,CA,,,,,support@ci.vallejo.ca.us,(707) 648-5200,,http://www.vallejoprospector.com/gis/ed.asp?bhiw=1183&bhih=820,http://www.vallejoprospector.com/gis/ed.asp?bhiw=1183&bhih=820,,,'2014-06-11
6,97,70098,609770098,Sonoma County,City,Santa Rosa,CA,Eric,McHenry,Chief Technology Officer,,emchenry@srcity.org,(707) 543 - 3097,,http://ci.santa-rosa.ca.us/DEPARTMENTS/TECHNOLOGY/GIS/Pages/default.aspx,http://agsmaps.ci.santa-rosa.ca.us/Html5Viewer/Index.html?viewer=PublicHtml5,,,'2014-06-11
6,97,14190,609714190,Sonoma County,City,Cloverdale,CA,,,,,,,,,,,,'2014-06-11
6,97,16560,609716560,Sonoma County,City,Cotati,CA,,,,,,,,,,,,'2014-06-11
6,97,33056,609733056,Sonoma County,City,Healdsburg,CA,,,,,,,,,,,,'2014-06-11
6,97,56784,609756784,Sonoma County,City,Petaluma,CA,,,,,,,,,,,,'2014-06-11
6,97,62546,609762546,Sonoma County,City,Rohnert Park,CA,,,,,,,,,,,,'2014-06-11
6,97,70770,609770770,Sonoma County,City,Sebastopol,CA,,,,,,,,,,,,'2014-06-11
6,97,72646,609772646,Sonoma County,City,Sonoma,CA,,,,,,,,,,,,'2014-06-11
6,97,85922,609785922,Sonoma County,City,Windsor,CA,,,,,,,,,,,,'2014-06-11
6,99,12524,609912524,Stanislaus County,City,Ceres,CA,,,,,,,,,,,,'2014-06-11
6,99,34904,609934904,Stanislaus County,City,Hughson,CA,,,,,,,,,,,,'2014-06-11
6,99,48354,609948354,Stanislaus County,City,Modesto,CA,,,,,gis@modestogov.com,(209) 577 - 5331,,https://www.modestogov.com/itd/gis/,http://gis.modestogov.com/,,,'2014-06-11
6,99,51140,609951140,Stanislaus County,City,Newman,CA,,,,,,,,,,,,'2014-06-11
6,99,52694,609952694,Stanislaus County,City,Oakdale,CA,,,,,,,,,,,,'2014-06-11
6,99,56112,609956112,Stanislaus County,City,Patterson,CA,,,,,,,,,,,,'2014-06-11
6,99,61068,609961068,Stanislaus County,City,Riverbank,CA,,,,,,,,,,,,'2014-06-11
6,99,80812,609980812,Stanislaus County,City,Turlock,CA,,,,,,,,,,,,'2014-06-11
6,99,83612,609983612,Stanislaus County,City,Waterford,CA,,,,,,,,,,,,'2014-06-11
6,101,41936,610141936,Sutter County,City,Live Oak,CA,,,,,,,,,,,,'2014-06-11
6,101,86972,610186972,Sutter County,City,Yuba,CA,,,,,,,,,,,,'2014-06-11
6,103,16322,610316322,Tehama County,City,Corning,CA,,,,,,,,,,,,'2014-06-11
6,103,59892,610359892,Tehama County,City,Red Bluff,CA,,,,,,,,,,,,'2014-06-11
6,103,78106,610378106,Tehama County,City,Tehama,CA,,,,,,,,,,,,'2014-06-11
6,107,19318,610719318,Tulare County,City,Dinuba,CA,,,,,,,,,,,,'2014-06-11
6,107,23126,610723126,Tulare County,City,Exeter,CA,,,,,,,,,,,,'2014-06-11
6,107,23616,610723616,Tulare County,City,Farmersville,CA,,,,,,,,,,,,'2014-06-11
6,107,41712,610741712,Tulare County,City,Lindsay,CA,,,,,,,,,,,,'2014-06-11
6,107,58240,610758240,Tulare County,City,Porterville,CA,,,,,,,,,,,,'2014-06-11
6,107,80644,610780644,Tulare County,City,Tulare,CA,,,,,,,,,,,,'2014-06-11
6,107,82954,610782954,Tulare County,City,Visalia,CA,,,,,gis@ci.visalia.ca.us,(559) 713 - 34358,,https://ci.visalia.ca.us/depts/community_development/gis/default.asp,http://204.155.47.66:8080/silverlightviewer/viewer.html?Viewer=Public,,,'2014-06-11
6,107,86300,610786300,Tulare County,City,Woodlake,CA,,,,,,,,,,,,'2014-06-11
6,109,72674,610972674,Tuolumne County,City,Sonora,CA,,,,,,,,,,,,'2014-06-11
6,111,78582,611178582,Ventura County,City,Thousand Oaks,CA,Nelson,Guandique,,,NGuandique@toaks.org,,,http://ci.thousand-oaks.ca.us/living/mapguide.asp,http://71.165.173.179/GeoCortex/Essentials/Web/Viewer.aspx,,,'2014-06-11
6,111,10046,611110046,Ventura County,City,Camarillo,CA,,,,,,,,,,,,'2014-06-11
6,111,24092,611124092,Ventura County,City,Fillmore,CA,,,,,,,,,,,,'2014-06-11
6,111,49138,611149138,Ventura County,City,Moorpark,CA,,,,,,,,,,,,'2014-06-11
6,111,53476,611153476,Ventura County,City,Ojai,CA,,,,,,,,,,,,'2014-06-11
6,111,54652,611154652,Ventura County,City,Oxnard,CA,,,,,,(805) 385 - 7858,,http://developmentservices.cityofoxnard.org/7/76/362/,,,,'2014-06-11
6,111,58296,611158296,Ventura County,City,Port Hueneme,CA,,,,,,,,,,,,'2014-06-11
6,111,70042,611170042,Ventura County,City,Santa Paula,CA,,,,,,,,,,,,'2014-06-11
6,111,72016,611172016,Ventura County,City,Simi Valley,CA,,,,,,,,http://www.ci.simi-valley.ca.us/index.aspx?page=89,,,,'2014-06-11
6,111,65042,611165042,Ventura County,City,Ventura,CA,,,,,,,,http://maps.cityofventura.net/menu/index.htm,http://maps.cityofventura.net/menu/flex/citymap/,,,'2014-06-11
6,113,84816,611384816,Yolo County,City,West Sacramento,CA,Brian,Coward,Public Works - Engineering Technician III,,,,,,,,,'2014-06-24
6,113,18100,611318100,Yolo County,City,Davis,CA,,,,,,,,,,,,'2014-06-11
6,113,86034,611386034,Yolo County,City,Winters,CA,,,,,,,,,,,,'2014-06-11
6,113,86328,611386328,Yolo County,City,Woodland,CA,,,,,,,,,,,,'2014-06-11
6,115,46170,611546170,Yuba County,City,Marysville,CA,,,,,,,,,,,,'2014-06-11
6,115,85012,611585012,Yuba County,City,Wheatland,CA,,,,,,,,,,,,'2014-06-11
